{"RuleTriggered": 0, "Violations": 96, "Details": {"low_gpu_utilization": 2236, "bottlenecks": {"1679476418.500271": {"GPUs": 1, "CPUs": 1}, "1679476521.500233": {"GPUs": 1, "CPUs": 1}, "1679476522.500238": {"GPUs": 1, "CPUs": 1}, "1679476523.000242": {"GPUs": 1, "CPUs": 1}, "1679476524.00025": {"GPUs": 1, "CPUs": 1}, "1679476524.500237": {"GPUs": 1, "CPUs": 1}, "1679476525.500235": {"GPUs": 1, "CPUs": 1}, "1679476526.000239": {"GPUs": 1, "CPUs": 1}, "1679476526.500236": {"GPUs": 1, "CPUs": 1}, "1679476527.000242": {"GPUs": 1, "CPUs": 1}, "1679476527.500241": {"GPUs": 1, "CPUs": 1}, "1679476529.000253": {"GPUs": 1, "CPUs": 1}, "1679476530.500257": {"GPUs": 1, "CPUs": 1}, "1679476545.000263": {"GPUs": 1, "CPUs": 1}, "1679476545.500256": {"GPUs": 1, "CPUs": 1}, "1679476546.000303": {"GPUs": 1, "CPUs": 1}, "1679476546.500265": {"GPUs": 1, "CPUs": 1}, "1679476547.500254": {"GPUs": 1, "CPUs": 1}, "1679476548.500263": {"GPUs": 1, "CPUs": 1}, "1679476549.500249": {"GPUs": 1, "CPUs": 1}, "1679476550.500254": {"GPUs": 1, "CPUs": 1}, "1679476552.000247": {"GPUs": 1, "CPUs": 1}, "1679476552.500257": {"GPUs": 1, "CPUs": 1}, "1679476553.000276": {"GPUs": 1, "CPUs": 1}, "1679476554.000261": {"GPUs": 1, "CPUs": 1}, "1679476555.000276": {"GPUs": 1, "CPUs": 1}, "1679476555.500271": {"GPUs": 1, "CPUs": 1}, "1679476556.000267": {"GPUs": 1, "CPUs": 1}, "1679476556.500263": {"GPUs": 1, "CPUs": 1}, "1679476557.500272": {"GPUs": 1, "CPUs": 1}, "1679476558.000274": {"GPUs": 1, "CPUs": 1}, "1679476558.500249": {"GPUs": 1, "CPUs": 1}, "1679476559.000254": {"GPUs": 1, "CPUs": 1}, "1679476559.500247": {"GPUs": 1, "CPUs": 1}, "1679476560.000246": {"GPUs": 1, "CPUs": 1}, "1679476560.500265": {"GPUs": 1, "CPUs": 1}, "1679476700.500231": {"GPUs": 1, "CPUs": 1}, "1679476701.500273": {"GPUs": 1, "CPUs": 1}, "1679476702.000242": {"GPUs": 1, "CPUs": 1}, "1679476702.500271": {"GPUs": 1, "CPUs": 1}, "1679476703.500243": {"GPUs": 1, "CPUs": 1}, "1679476704.500265": {"GPUs": 1, "CPUs": 1}, "1679476706.000244": {"GPUs": 1, "CPUs": 1}, "1679476707.000237": {"GPUs": 1, "CPUs": 1}, "1679476707.500263": {"GPUs": 1, "CPUs": 1}, "1679476708.000233": {"GPUs": 1, "CPUs": 1}, "1679476708.500276": {"GPUs": 1, "CPUs": 1}, "1679476709.000253": {"GPUs": 1, "CPUs": 1}, "1679476712.000242": {"GPUs": 1, "CPUs": 1}, "1679476712.50026": {"GPUs": 1, "CPUs": 2}, "1679476713.000263": {"GPUs": 1, "CPUs": 1}, "1679476713.500246": {"GPUs": 1, "CPUs": 2}, "1679476714.00026": {"GPUs": 1, "CPUs": 1}, "1679476714.500256": {"GPUs": 1, "CPUs": 1}, "1679476715.000245": {"GPUs": 1, "CPUs": 1}, "1679476715.500256": {"GPUs": 1, "CPUs": 1}, "1679476716.00026": {"GPUs": 1, "CPUs": 1}, "1679476716.500243": {"GPUs": 1, "CPUs": 1}, "1679477324.000264": {"GPUs": 1, "CPUs": 1}, "1679477327.000273": {"GPUs": 1, "CPUs": 1}, "1679477327.50029": {"GPUs": 1, "CPUs": 1}, "1679477328.000278": {"GPUs": 1, "CPUs": 1}, "1679477329.500268": {"GPUs": 1, "CPUs": 1}, "1679477331.000261": {"GPUs": 1, "CPUs": 1}, "1679477331.500271": {"GPUs": 1, "CPUs": 1}, "1679477332.000232": {"GPUs": 1, "CPUs": 1}, "1679477332.500253": {"GPUs": 1, "CPUs": 1}, "1679477334.500255": {"GPUs": 1, "CPUs": 1}, "1679477335.500272": {"GPUs": 1, "CPUs": 1}, "1679477336.000262": {"GPUs": 1, "CPUs": 1}, "1679477336.500274": {"GPUs": 1, "CPUs": 2}, "1679477337.000254": {"GPUs": 1, "CPUs": 1}, "1679477337.500252": {"GPUs": 1, "CPUs": 1}, "1679477338.000243": {"GPUs": 1, "CPUs": 1}, "1679477339.000262": {"GPUs": 1, "CPUs": 1}, "1679477339.50027": {"GPUs": 1, "CPUs": 1}, "1679478009.500269": {"GPUs": 1, "CPUs": 1}, "1679478010.000253": {"GPUs": 1, "CPUs": 1}, "1679478010.500273": {"GPUs": 1, "CPUs": 1}, "1679478011.000242": {"GPUs": 1, "CPUs": 1}, "1679478011.500291": {"GPUs": 1, "CPUs": 1}, "1679478012.000267": {"GPUs": 1, "CPUs": 1}, "1679478013.500281": {"GPUs": 1, "CPUs": 1}, "1679478014.500265": {"GPUs": 1, "CPUs": 1}, "1679478015.000279": {"GPUs": 1, "CPUs": 1}, "1679478016.500273": {"GPUs": 1, "CPUs": 1}, "1679478018.000243": {"GPUs": 1, "CPUs": 1}, "1679478019.500279": {"GPUs": 1, "CPUs": 1}, "1679478020.000237": {"GPUs": 1, "CPUs": 1}, "1679478021.000256": {"GPUs": 1, "CPUs": 2}, "1679478021.500255": {"GPUs": 1, "CPUs": 1}, "1679478022.000258": {"GPUs": 1, "CPUs": 1}, "1679478022.500251": {"GPUs": 1, "CPUs": 2}, "1679478023.000268": {"GPUs": 1, "CPUs": 1}, "1679478023.500246": {"GPUs": 1, "CPUs": 2}, "1679478024.000242": {"GPUs": 1, "CPUs": 1}}}, "Datapoints": 3646, "RuleParameters": "threshold:50\nio_threshold:50\ngpu_threshold:10\npatience:1000"}