{"RuleTriggered": 0, "Violations": 0, "Details": {"step_num": {"first": 1679476538000146, "last": 1679478239536810}, "job_start": 1679476418.000181, "job_end": 1679478239.500835}, "Datapoints": 1331, "RuleParameters": "threshold:20"}