{"RuleTriggered": 0, "Violations": 0, "Details": {"ratio": {"gpu_functions-dev:0": 54.45740719372188, "cpu_functions": 45.54259280627812}, "phase": {"Step:ModeKeys.TRAIN": 16.352746982782897, "others": 81.03772258047077, "Step:ModeKeys.EVAL": 2.6095304367463283}, "phase_time": {}, "CPU": {"conv2d": 12.973077576002675, "convolution": 12.293849390396876, "_convolution": 11.912716350736027, "size": 2.624888540226043, "cudnn_convolution": 7.57802473871048, "batch_norm": 4.429062335779703, "to": 23.76227940524659, "copy_": 24.42610166290161}, "CPU_total": {"conv2d": 2239100, "convolution": 2121868, "_convolution": 2056086, "size": 453045, "cudnn_convolution": 1307936, "batch_norm": 764438, "to": 4101272, "copy_": 4215845}, "GPU": {"conv2d": 13.32600096386247, "convolution": 13.316430922234817, "_convolution": 13.307488054480926, "cudnn_convolution": 13.235132944843489, "batch_norm": 3.6670585676169916, "_batch_norm_impl_index": 3.6591083491596983, "cudnn_batch_norm": 3.6042419153114036, "to": 17.675014110284152, "copy_": 18.209524172206066}, "GPU_total": {"conv2d": 2953430, "convolution": 2951309, "_convolution": 2949327, "cudnn_convolution": 2933291, "batch_norm": 812727, "_batch_norm_impl_index": 810965, "cudnn_batch_norm": 798805, "to": 3917298, "copy_": 4035761}, "general": {"Forward": 100.0}}, "Datapoints": 0, "RuleParameters": ""}