{"RuleTriggered": 22, "Violations": 262, "Details": {"step_details": {"algo-1-27": {"step_stats": {"mean": 0.14325995906432745, "max": 21.147139, "p99": 0.028203000000000072, "p95": 0.024169, "p50": 0.01838, "min": 0.013532}, "number_of_outliers": 1, "phase": "Step:ModeKeys.EVAL", "stddev": 1.61, "probs": [1, 0, 0, 0, 0, 0, 0, 0, 0, 0, 0, 0, 0, 0, 0, 0, 0, 0, 0, 1, 29, 26, 17, 2, 6, 5, 0, 5, 2, 2, 3, 2, 3, 4, 3, 0, 2, 2, 2, 2, 2, 1, 4, 2, 4, 4, 5, 6, 5, 3, 3, 2, 0, 0, 1, 2, 0, 0, 0, 1, 0, 1, 0, 0, 0, 2, 2, 0, 0, 0, 0, 0, 0, 0, 0, 0, 0, 0, 0, 0, 0, 0, 0, 0, 0, 0, 0, 0, 0, 0, 0, 0, 0, 0, 0, 0, 0, 0, 0, 1], "binedges": [0.013532, 0.01372344, 0.013914880000000001, 0.01410632, 0.01429776, 0.0144892, 0.01468064, 0.01487208, 0.01506352, 0.01525496, 0.0154464, 0.01563784, 0.01582928, 0.01602072, 0.01621216, 0.0164036, 0.01659504, 0.01678648, 0.01697792, 0.017169359999999998, 0.0173608, 0.01755224, 0.017743679999999998, 0.01793512, 0.01812656, 0.018318, 0.01850944, 0.01870088, 0.018892319999999997, 0.019083759999999998, 0.0192752, 0.01946664, 0.019658079999999998, 0.01984952, 0.020040959999999997, 0.020232399999999998, 0.02042384, 0.02061528, 0.020806719999999997, 0.02099816, 0.0211896, 0.021381039999999997, 0.021572479999999998, 0.02176392, 0.02195536, 0.022146799999999998, 0.02233824, 0.022529679999999996, 0.022721119999999997, 0.02291256, 0.023104, 0.023295439999999997, 0.023486879999999998, 0.023678319999999996, 0.023869759999999997, 0.024061199999999998, 0.02425264, 0.024444079999999997, 0.024635519999999998, 0.024826959999999995, 0.025018399999999996, 0.025209839999999997, 0.02540128, 0.02559272, 0.025784159999999997, 0.025975599999999995, 0.026167039999999996, 0.026358479999999997, 0.026549919999999998, 0.02674136, 0.026932799999999996, 0.027124239999999997, 0.027315679999999995, 0.027507119999999996, 0.027698559999999997, 0.027889999999999998, 0.028081439999999996, 0.028272879999999997, 0.028464319999999994, 0.028655759999999995, 0.028847199999999996, 0.029038639999999998, 0.02923008, 0.029421519999999993, 0.029612959999999994, 0.029804399999999995, 0.029995839999999996, 0.030187279999999997, 0.030378719999999998, 0.030570159999999992, 0.030761599999999993, 0.030953039999999994, 0.031144479999999995, 0.031335919999999996, 0.03152736, 0.0317188, 0.03191023999999999, 0.032101679999999994, 0.032293119999999995, 0.032484559999999996, 0.032676], "step_numbers": ["0"]}}, "ratio": {}, "phase": {"Step:ModeKeys.TRAIN": 100.0}, "phase_time": {}, "general": {"Forward": 100.0}}, "Datapoints": 1331, "RuleParameters": "threshold:3\nmode:None\nn_outliers:10\nstddev:3"}